user_id,name,password,birth,gender,phone_number,address 
tkesterton0,Tim,"zY7,YY.>v",2022-11-16,Male,796-821-5424,2662 Arkansas Place
kohoolahan1,Kakalina,tX4.q<\*@E_O,2023-05-03,Female,362-402-9049,37754 Huxley Avenue
dbohey2,Doloritas,pD2$9aBN~aLet,2023-05-26,Female,134-197-7794,7 Bultman Point
mstannah3,Melisenda,wK0|8u\DFc&#<2M7,2023-04-26,Female,650-249-6257,84477 Fairview Trail
zdillistone4,Zackariah,"pB8!T)a""9)EpRo",2023-09-20,Male,355-271-3751,94 Bonner Street
dgillison5,Danna,"pM6&,Tvkde",2022-12-09,Non-binary,962-583-5466,796 Longview Trail
rsuddock6,Ros,rE2(WnVp,2023-08-14,Female,562-409-1520,771 Mallard Circle
hantonsen7,Horace,tA6*Q6Rx7X4e,2022-12-12,Male,395-357-0957,985 Coleman Road
hbladge8,Hazlett,"nQ2""H|jT`Sdc|8+q",2023-05-22,Male,700-838-2386,24165 Gale Parkway
pyork9,Paddy,dC2>3jIyq}po,2023-09-27,Male,813-313-9746,6 Granby Parkway
alossmana,Ashla,uV3(B}YE3o3k,2023-01-19,Female,135-537-9104,6 Clarendon Crossing
blerouxb,Boris,dO5%\y%EzYMC,2023-04-16,Male,377-174-0576,00 Petterle Terrace
wferrarelloc,Weidar,tG8%@Vt_O_$lP,2023-04-02,Male,826-868-2031,0 Novick Drive
dspreadd,Dunstan,aJ2!!_8#)*WsQ2,2023-04-17,Male,239-127-8632,55445 Schlimgen Place
mhallgalleye,Maribelle,jV7(25j7QQO,2023-10-30,Female,781-443-8203,99 Sycamore Place
arealf,Antony,"jP5""*}&9jzCyl""}",2023-10-22,Male,817-901-8971,972 Duke Circle
bswinleyg,Bree,nJ1/o_e{6&'_E1KD,2023-10-16,Female,222-975-7309,7 Commercial Street
ochettleh,Odie,"bO4@'""OY1",2023-09-09,Male,241-860-6489,20 Manitowish Court
pfallowsi,Philipa,hX0/wkWqAg?(S,2023-11-07,Female,242-585-0927,02 Summer Ridge Park
prenhardj,Perice,jT1@{+ZG,2023-04-14,Male,403-154-6834,47 Onsgard Trail
