like_num,context,created_at,user_id
96,magna at nunc commodo placerat praesent blandit nam nulla integer pede,2023-08-22 0:37,tkesterton0
68,odio elementum eu interdum eu tincidunt in leo maecenas pulvinar lobortis est phasellus sit,2023-07-18 8:23,kohoolahan1
92,turpis donec posuere metus vitae ipsum aliquam non mauris morbi non lectus aliquam sit amet diam in magna bibendum imperdiet,2023-05-27 21:44,dbohey2
16,dui maecenas tristique est et tempus semper est quam pharetra magna ac consequat metus sapien ut nunc vestibulum,2023-11-09 13:13,mstannah3
24,pretium iaculis diam erat fermentum justo nec condimentum neque sapien placerat ante nulla justo aliquam quis turpis eget elit sodales,2023-04-24 15:12,zdillistone4
59,a nibh in quis justo maecenas rhoncus aliquam lacus morbi quis,2023-10-15 23:30,dgillison5
39,iaculis congue vivamus metus arcu adipiscing molestie hendrerit at vulputate vitae nisl aenean lectus pellentesque eget nunc donec quis,2023-05-25 18:20,rsuddock6
100,ultrices enim lorem ipsum dolor sit amet consectetuer adipiscing elit,2023-07-27 23:46,hantonsen7
42,ut at dolor quis odio consequat varius integer ac leo pellentesque,2023-04-24 19:31,hbladge8
45,nisi eu orci mauris lacinia sapien quis libero nullam sit amet turpis elementum ligula vehicula,2023-07-25 2:49,pyork9
2,interdum mauris non ligula pellentesque ultrices phasellus id sapien in sapien iaculis congue vivamus,2023-06-02 15:29,alossmana
86,velit nec nisi vulputate nonummy maecenas tincidunt lacus at velit,2023-09-24 3:18,blerouxb
98,luctus nec molestie sed justo pellentesque viverra pede ac diam cras pellentesque volutpat,2023-05-02 15:23,wferrarelloc
49,venenatis lacinia aenean sit amet justo morbi ut odio cras,2023-02-28 9:31,dspreadd
27,quam pharetra magna ac consequat metus sapien ut nunc vestibulum ante ipsum primis,2022-12-07 17:09,mhallgalleye
24,morbi non quam nec dui luctus rutrum nulla tellus in sagittis dui vel nisl duis ac nibh fusce lacus purus,2023-07-24 12:24,arealf
65,odio porttitor id consequat in consequat ut nulla sed accumsan felis ut at dolor quis odio consequat varius,2023-02-08 20:22,bswinleyg
93,sapien dignissim vestibulum vestibulum ante ipsum primis in faucibus orci luctus et ultrices posuere cubilia curae nulla dapibus dolor,2023-01-13 14:53,ochettleh
86,dui vel nisl duis ac nibh fusce lacus purus aliquet at feugiat non pretium quis lectus suspendisse potenti,2023-03-05 16:33,pfallowsi
67,nisi eu orci mauris lacinia sapien quis libero nullam sit amet,2023-07-29 18:53,prenhardj
77,tellus semper interdum mauris ullamcorper purus sit amet nulla quisque arcu libero,2023-01-17 12:17,tkesterton0
94,ut rhoncus aliquet pulvinar sed nisl nunc rhoncus dui vel sem sed,2023-05-17 10:38,kohoolahan1
25,turpis sed ante vivamus tortor duis mattis egestas metus aenean fermentum donec ut mauris eget massa,2023-01-13 1:05,dbohey2
10,at vulputate vitae nisl aenean lectus pellentesque eget nunc donec quis orci eget orci vehicula condimentum curabitur in libero,2023-05-17 0:15,mstannah3
74,nulla ac enim in tempor turpis nec euismod scelerisque quam,2023-04-08 22:38,zdillistone4
51,risus dapibus augue vel accumsan tellus nisi eu orci mauris lacinia sapien quis libero nullam,2023-04-26 11:19,dgillison5
58,nullam varius nulla facilisi cras non velit nec nisi vulputate,2023-01-18 9:50,rsuddock6
67,integer non velit donec diam neque vestibulum eget vulputate ut ultrices vel augue vestibulum ante ipsum primis in faucibus,2022-11-30 18:43,hantonsen7
84,vivamus in felis eu sapien cursus vestibulum proin eu mi nulla ac enim in tempor turpis nec,2022-11-23 23:57,hbladge8
70,convallis duis consequat dui nec nisi volutpat eleifend donec ut dolor morbi vel lectus in quam,2023-08-07 21:41,pyork9
14,nulla neque libero convallis eget eleifend luctus ultricies eu nibh quisque id justo sit amet sapien dignissim vestibulum,2023-07-05 20:37,alossmana
94,ut at dolor quis odio consequat varius integer ac leo pellentesque ultrices mattis odio donec vitae nisi nam ultrices,2023-07-26 14:53,blerouxb
86,urna ut tellus nulla ut erat id mauris vulputate elementum nullam varius nulla facilisi cras non,2023-03-21 13:12,wferrarelloc
58,orci nullam molestie nibh in lectus pellentesque at nulla suspendisse potenti cras in purus eu magna vulputate luctus cum,2023-06-11 19:16,dspreadd
28,nullam sit amet turpis elementum ligula vehicula consequat morbi a ipsum integer a nibh in quis justo maecenas rhoncus aliquam,2023-11-08 1:25,mhallgalleye
86,suspendisse ornare consequat lectus in est risus auctor sed tristique in tempus sit amet sem fusce,2023-10-21 3:34,arealf
100,pede morbi porttitor lorem id ligula suspendisse ornare consequat lectus in est risus auctor sed tristique in tempus sit amet,2023-07-09 15:13,bswinleyg
57,sollicitudin mi sit amet lobortis sapien sapien non mi integer ac neque duis bibendum,2023-03-07 8:44,ochettleh
41,aenean fermentum donec ut mauris eget massa tempor convallis nulla neque libero,2023-05-19 4:03,pfallowsi
68,at nulla suspendisse potenti cras in purus eu magna vulputate luctus cum sociis natoque penatibus et magnis,2023-02-09 0:25,prenhardj
94,justo maecenas rhoncus aliquam lacus morbi quis tortor id nulla ultrices aliquet maecenas leo odio condimentum id,2023-10-05 10:15,tkesterton0
92,ac neque duis bibendum morbi non quam nec dui luctus rutrum nulla tellus in sagittis dui,2023-01-16 22:01,kohoolahan1
16,odio odio elementum eu interdum eu tincidunt in leo maecenas pulvinar lobortis est phasellus sit amet erat,2023-10-13 20:43,dbohey2
78,sem fusce consequat nulla nisl nunc nisl duis bibendum felis sed interdum venenatis turpis enim blandit mi in porttitor pede,2023-03-29 1:57,mstannah3
49,faucibus orci luctus et ultrices posuere cubilia curae donec pharetra magna,2023-05-12 19:17,zdillistone4
84,pellentesque viverra pede ac diam cras pellentesque volutpat dui maecenas,2023-02-22 10:54,dgillison5
43,mauris non ligula pellentesque ultrices phasellus id sapien in sapien iaculis congue vivamus metus arcu adipiscing,2023-06-07 7:01,rsuddock6
26,integer pede justo lacinia eget tincidunt eget tempus vel pede morbi,2023-04-06 4:09,hantonsen7
25,ut erat id mauris vulputate elementum nullam varius nulla facilisi cras,2023-01-06 2:41,hbladge8
68,at turpis a pede posuere nonummy integer non velit donec diam neque vestibulum eget vulputate ut ultrices vel augue vestibulum,2023-11-14 22:22,pyork9
13,nisl aenean lectus pellentesque eget nunc donec quis orci eget orci vehicula condimentum,2023-01-20 19:36,alossmana
49,posuere cubilia curae mauris viverra diam vitae quam suspendisse potenti nullam porttitor,2023-07-23 8:20,blerouxb
35,augue luctus tincidunt nulla mollis molestie lorem quisque ut erat curabitur gravida nisi at,2023-09-20 17:46,wferrarelloc
69,duis at velit eu est congue elementum in hac habitasse platea dictumst morbi vestibulum velit id pretium iaculis diam,2023-05-13 2:51,dspreadd
91,blandit lacinia erat vestibulum sed magna at nunc commodo placerat praesent blandit nam nulla integer pede justo lacinia eget,2023-08-21 10:49,mhallgalleye
2,nulla quisque arcu libero rutrum ac lobortis vel dapibus at,2023-01-17 1:59,arealf
38,sapien iaculis congue vivamus metus arcu adipiscing molestie hendrerit at vulputate vitae nisl aenean lectus pellentesque eget nunc,2023-02-12 12:27,bswinleyg
70,neque vestibulum eget vulputate ut ultrices vel augue vestibulum ante ipsum primis in faucibus orci luctus,2023-07-19 17:15,ochettleh
66,sagittis dui vel nisl duis ac nibh fusce lacus purus aliquet at feugiat,2023-10-22 10:33,pfallowsi
27,lorem ipsum dolor sit amet consectetuer adipiscing elit proin risus praesent,2023-01-10 18:29,prenhardj
33,sit amet lobortis sapien sapien non mi integer ac neque duis bibendum morbi non quam nec,2023-09-10 20:56,tkesterton0
5,semper est quam pharetra magna ac consequat metus sapien ut nunc vestibulum ante ipsum,2023-05-26 11:43,kohoolahan1
64,in faucibus orci luctus et ultrices posuere cubilia curae donec pharetra magna vestibulum aliquet ultrices erat tortor sollicitudin mi sit,2022-11-28 5:14,dbohey2
99,et ultrices posuere cubilia curae duis faucibus accumsan odio curabitur convallis duis consequat dui nec nisi volutpat eleifend,2023-02-22 12:01,mstannah3
28,ligula in lacus curabitur at ipsum ac tellus semper interdum mauris ullamcorper,2022-12-05 17:30,zdillistone4
76,lacinia eget tincidunt eget tempus vel pede morbi porttitor lorem id ligula suspendisse,2023-05-15 4:17,dgillison5
38,neque sapien placerat ante nulla justo aliquam quis turpis eget elit,2023-03-20 16:30,rsuddock6
69,molestie sed justo pellentesque viverra pede ac diam cras pellentesque volutpat dui maecenas tristique est et tempus,2023-02-11 3:39,hantonsen7
36,est risus auctor sed tristique in tempus sit amet sem fusce consequat nulla nisl nunc,2023-09-21 14:51,hbladge8
39,eu tincidunt in leo maecenas pulvinar lobortis est phasellus sit amet erat nulla tempus vivamus,2023-03-22 10:30,pyork9
48,nec condimentum neque sapien placerat ante nulla justo aliquam quis turpis eget,2023-04-21 7:01,alossmana
19,aenean fermentum donec ut mauris eget massa tempor convallis nulla neque libero convallis eget eleifend,2023-04-26 19:09,blerouxb
59,semper porta volutpat quam pede lobortis ligula sit amet eleifend pede libero quis orci nullam molestie nibh in,2022-12-08 0:29,wferrarelloc
39,rhoncus mauris enim leo rhoncus sed vestibulum sit amet cursus id turpis integer aliquet massa id lobortis,2023-05-09 16:24,dspreadd
51,placerat ante nulla justo aliquam quis turpis eget elit sodales scelerisque mauris sit,2023-09-01 10:08,mhallgalleye
89,ultrices posuere cubilia curae nulla dapibus dolor vel est donec odio justo sollicitudin ut suscipit,2022-12-19 5:22,arealf
77,vestibulum velit id pretium iaculis diam erat fermentum justo nec condimentum neque sapien placerat ante nulla justo aliquam,2023-07-14 8:42,bswinleyg
79,eget tincidunt eget tempus vel pede morbi porttitor lorem id,2023-11-08 22:37,ochettleh
4,et ultrices posuere cubilia curae mauris viverra diam vitae quam suspendisse potenti nullam,2022-12-09 19:31,pfallowsi
60,sed lacus morbi sem mauris laoreet ut rhoncus aliquet pulvinar sed nisl nunc rhoncus dui vel sem sed sagittis,2023-09-28 15:24,prenhardj
1,dictumst morbi vestibulum velit id pretium iaculis diam erat fermentum justo nec condimentum neque sapien placerat ante nulla justo,2023-02-01 13:11,tkesterton0
32,tellus semper interdum mauris ullamcorper purus sit amet nulla quisque,2023-02-19 21:12,kohoolahan1
80,a suscipit nulla elit ac nulla sed vel enim sit amet nunc viverra dapibus nulla suscipit ligula in,2023-07-07 5:31,dbohey2
25,massa donec dapibus duis at velit eu est congue elementum,2023-08-10 14:44,mstannah3
34,vel accumsan tellus nisi eu orci mauris lacinia sapien quis libero nullam sit amet turpis elementum ligula,2023-04-01 11:01,zdillistone4
42,congue risus semper porta volutpat quam pede lobortis ligula sit amet eleifend pede libero quis orci,2023-03-26 11:18,dgillison5
82,felis fusce posuere felis sed lacus morbi sem mauris laoreet ut rhoncus aliquet pulvinar sed nisl nunc rhoncus dui,2023-05-20 4:18,rsuddock6
15,libero ut massa volutpat convallis morbi odio odio elementum eu interdum eu tincidunt in leo maecenas,2023-10-24 20:03,hantonsen7
74,aenean auctor gravida sem praesent id massa id nisl venenatis lacinia,2023-06-11 10:20,hbladge8
52,consequat lectus in est risus auctor sed tristique in tempus sit amet sem fusce consequat nulla nisl nunc nisl,2023-05-23 21:11,pyork9
89,libero ut massa volutpat convallis morbi odio odio elementum eu interdum eu tincidunt in,2023-10-05 0:41,alossmana
94,phasellus sit amet erat nulla tempus vivamus in felis eu sapien cursus vestibulum proin,2023-05-27 18:03,blerouxb
15,duis faucibus accumsan odio curabitur convallis duis consequat dui nec nisi volutpat eleifend donec ut dolor morbi vel lectus,2023-09-14 22:27,wferrarelloc
8,sociis natoque penatibus et magnis dis parturient montes nascetur ridiculus mus vivamus vestibulum sagittis sapien cum sociis,2023-03-26 21:08,dspreadd
80,enim lorem ipsum dolor sit amet consectetuer adipiscing elit proin interdum mauris non ligula pellentesque ultrices phasellus id sapien,2023-10-08 19:55,mhallgalleye
33,morbi vestibulum velit id pretium iaculis diam erat fermentum justo nec condimentum neque sapien placerat ante nulla justo,2023-03-03 5:35,arealf
15,mauris eget massa tempor convallis nulla neque libero convallis eget eleifend luctus ultricies eu nibh quisque,2023-07-13 11:22,bswinleyg
43,ornare imperdiet sapien urna pretium nisl ut volutpat sapien arcu sed augue aliquam erat volutpat in congue etiam justo,2022-11-25 11:09,ochettleh
70,congue elementum in hac habitasse platea dictumst morbi vestibulum velit id pretium iaculis diam erat fermentum justo nec,2023-03-03 1:00,pfallowsi
8,leo pellentesque ultrices mattis odio donec vitae nisi nam ultrices libero non mattis pulvinar nulla pede,2023-06-04 3:59,prenhardj
