nickname,follower,following,info,user_id,img_url
pfranzewitch0,85,67,ante ipsum primis in faucibus orci luctus et ultrices posuere cubilia curae,tkesterton0,http://dummyimage.com/228x100.png/5fa2dd/ffffff
dguppey1,83,30,mollis molestie lorem quisque ut erat curabitur gravida nisi at nibh in hac,kohoolahan1,http://dummyimage.com/126x100.png/5fa2dd/ffffff
rblackborn2,91,6,dictumst etiam faucibus cursus urna ut tellus nulla ut erat id mauris vulputate elementum nullam varius nulla facilisi cras non,dbohey2,http://dummyimage.com/103x100.png/cc0000/ffffff
ceshmade3,23,24,pretium iaculis justo in hac habitasse platea dictumst etiam faucibus,mstannah3,http://dummyimage.com/114x100.png/cc0000/ffffff
gdebenedictis4,88,97,vel nisl duis ac nibh fusce lacus purus aliquet at feugiat non pretium quis lectus,zdillistone4,http://dummyimage.com/140x100.png/cc0000/ffffff
jghelardoni5,22,10,morbi quis tortor id nulla ultrices aliquet maecenas leo odio condimentum id luctus nec molestie sed justo pellentesque viverra pede,dgillison5,http://dummyimage.com/209x100.png/ff4444/ffffff
ltackley6,52,17,vestibulum velit id pretium iaculis diam erat fermentum justo nec condimentum,rsuddock6,http://dummyimage.com/246x100.png/ff4444/ffffff
cdilger7,19,20,tincidunt ante vel ipsum praesent blandit lacinia erat vestibulum sed magna at nunc commodo placerat praesent blandit nam nulla,hantonsen7,http://dummyimage.com/105x100.png/5fa2dd/ffffff
llivingston8,33,74,justo in blandit ultrices enim lorem ipsum dolor sit amet consectetuer,hbladge8,http://dummyimage.com/138x100.png/5fa2dd/ffffff
amaldin9,77,1,amet eleifend pede libero quis orci nullam molestie nibh in lectus pellentesque at nulla suspendisse potenti cras in,pyork9,http://dummyimage.com/106x100.png/dddddd/000000
acarsea,61,26,curabitur convallis duis consequat dui nec nisi volutpat eleifend donec ut dolor,alossmana,http://dummyimage.com/106x100.png/dddddd/000000
ccianellib,82,55,sed interdum venenatis turpis enim blandit mi in porttitor pede justo eu massa donec dapibus duis at velit eu est,blerouxb,http://dummyimage.com/248x100.png/5fa2dd/ffffff
bcovellc,55,13,at dolor quis odio consequat varius integer ac leo pellentesque ultrices,wferrarelloc,http://dummyimage.com/109x100.png/5fa2dd/ffffff
dlefeaverd,98,33,bibendum morbi non quam nec dui luctus rutrum nulla tellus in sagittis dui,dspreadd,http://dummyimage.com/101x100.png/5fa2dd/ffffff
cscallye,66,71,mattis pulvinar nulla pede ullamcorper augue a suscipit nulla elit ac nulla sed vel enim,mhallgalleye,http://dummyimage.com/217x100.png/dddddd/000000
bgrigolonf,47,72,ultrices libero non mattis pulvinar nulla pede ullamcorper augue a suscipit nulla elit ac,arealf,http://dummyimage.com/238x100.png/5fa2dd/ffffff
ehendrickxg,25,51,consectetuer adipiscing elit proin risus praesent lectus vestibulum quam sapien varius ut blandit,bswinleyg,http://dummyimage.com/150x100.png/5fa2dd/ffffff
rdecheletteh,34,86,posuere nonummy integer non velit donec diam neque vestibulum eget vulputate ut ultrices vel augue vestibulum ante ipsum primis in,ochettleh,http://dummyimage.com/236x100.png/5fa2dd/ffffff
ewootoni,55,19,in hac habitasse platea dictumst maecenas ut massa quis augue luctus tincidunt nulla,pfallowsi,http://dummyimage.com/245x100.png/5fa2dd/ffffff
zprantlj,40,98,tincidunt in leo maecenas pulvinar lobortis est phasellus sit amet erat nulla tempus vivamus in felis eu sapien,prenhardj,http://dummyimage.com/218x100.png/5fa2dd/ffffff
